skeleton	mcc	combined_ions
Lapidilectine	1	103.0539_frag & 106.0651_frag & 115.0535_frag & 128.0559_frag & 129.0667_frag & 143.0731_frag & 144.0774_frag & 146.0599_frag & 169.0796_frag & 241.095_nl | 223.0745_nl | (223.0745_nl & 241.095_nl)
Ajmalicinespiro	0.9134	108.0804_frag & 124.0429_frag & 158.0602_frag & 160.0752_frag
Corynantheanspiro	0.9114	108.0804_frag & 130.0665_frag & 158.0602_frag & 160.0752_frag & 225.1244_nl & 241.1208_nl & 253.165_nl | 243.1462_nl | 270.1579_nl | (243.1462_nl & 253.165_nl) | (198.125_nl & 253.165_nl) | (227.155_nl & 253.165_nl) | (253.165_nl & 270.1579_nl) | (198.125_nl & 243.1462_nl) | (227.155_nl & 243.1462_nl) | (243.1462_nl & 270.1579_nl) | (198.125_nl & 227.155_nl) | (198.125_nl & 270.1579_nl) | (227.155_nl & 270.1579_nl) | (198.125_nl & 243.1462_nl & 253.165_nl) | (227.155_nl & 243.1462_nl & 253.165_nl) | (243.1462_nl & 253.165_nl & 270.1579_nl) | (198.125_nl & 227.155_nl & 253.165_nl) | (198.125_nl & 253.165_nl & 270.1579_nl) | (227.155_nl & 253.165_nl & 270.1579_nl) | (198.125_nl & 227.155_nl & 243.1462_nl) | (198.125_nl & 243.1462_nl & 270.1579_nl) | (227.155_nl & 243.1462_nl & 270.1579_nl) | (198.125_nl & 227.155_nl & 270.1579_nl) | (198.125_nl & 227.155_nl & 243.1462_nl & 253.165_nl) | (198.125_nl & 243.1462_nl & 253.165_nl & 270.1579_nl) | (227.155_nl & 243.1462_nl & 253.165_nl & 270.1579_nl) | (198.125_nl & 227.155_nl & 253.165_nl & 270.1579_nl) | (198.125_nl & 227.155_nl & 243.1462_nl & 270.1579_nl) | (198.125_nl & 227.155_nl & 243.1462_nl & 253.165_nl & 270.1579_nl)
Chanofruticosinate	0.8139	60.0242_nl & (132.045_nl & 187.055_nl) | (88.0172_nl & 121.065_nl & 199.085_nl)
Cinchona	0.7722	105.0688_frag & 106.0651_frag & 108.0804_frag & 115.0535_frag & 120.0767_frag & 122.096_frag & 129.0667_frag & 130.0665_frag & 134.0955_frag & 136.1118_frag & 142.0645_frag & 143.0731_frag & 144.0774_frag & 154.0655_frag & 155.0713_frag & 167.0723_frag & 180.0853_frag & 181.0838_frag & 77.0819_nl & 127.0941_nl & 153.1037_nl & 165.115_nl & 159.065_nl | (74.075_nl & 159.065_nl) | (74.075_nl & 128.1033_nl) | (114.105_nl & 159.065_nl) | (128.1033_nl & 159.065_nl) | (74.075_nl & 114.105_nl & 159.065_nl) | (74.075_nl & 114.105_nl & 128.1033_nl) | (74.075_nl & 128.1033_nl & 159.065_nl) | (114.105_nl & 128.1033_nl & 159.065_nl) | (74.075_nl & 114.105_nl & 128.1033_nl & 159.065_nl)
Akuammiline	0.6678	129.0667_frag & 144.0774_frag & 180.115_frag & 194.065_frag & 89.045_nl | 263.155_frag | (263.155_frag & 89.045_nl)
Eburna	0.6463	107.055_nl & 48.0644_nl | 77.0819_nl | (63.0698_nl & 77.0819_nl)
Vobasine	0.6383	144.0774_frag & 124.0915_nl & (110.0609_frag & 138.0917_frag) | (110.0609_frag & 217.1141_nl) | (110.0609_frag & 134.0845_nl) | (138.0917_frag & 134.0845_nl & 217.1141_nl) | (110.0609_frag & 138.0917_frag & 217.1141_nl) | (110.0609_frag & 138.0917_frag & 150.091_frag) | (110.0609_frag & 138.0917_frag & 134.0845_nl) | (150.091_frag & 134.0845_nl & 217.1141_nl) | (110.0609_frag & 150.091_frag & 217.1141_nl) | (110.0609_frag & 134.0845_nl & 217.1141_nl) | (110.0609_frag & 150.091_frag & 134.0845_nl) | (138.0917_frag & 150.091_frag & 134.0845_nl & 217.1141_nl) | (110.0609_frag & 138.0917_frag & 150.091_frag & 217.1141_nl) | (110.0609_frag & 138.0917_frag & 134.0845_nl & 217.1141_nl) | (110.0609_frag & 138.0917_frag & 150.091_frag & 134.0845_nl) | (110.0609_frag & 150.091_frag & 134.0845_nl & 217.1141_nl) | (110.0609_frag & 138.0917_frag & 150.091_frag & 134.0845_nl & 217.1141_nl)
Kopsane	0.6295	(217.065_frag & 349.1184_frag) | (217.065_frag & 379.1324_frag) | (217.065_frag & 361.1182_frag) | (135.0806_frag & 217.065_frag) | (163.0803_frag & 217.065_frag) | (135.0806_frag & 319.1085_frag) | (163.0803_frag & 319.1085_frag) | (163.0803_frag & 349.1184_frag) | (135.0806_frag & 379.1324_frag) | (163.0803_frag & 379.1324_frag) | (135.0806_frag & 307.1104_frag) | (163.0803_frag & 307.1104_frag) | (135.0806_frag & 361.1182_frag) | (163.0803_frag & 361.1182_frag) | (135.0806_frag & 291.115_frag) | (163.0803_frag & 291.115_frag) | (217.065_frag & 319.1085_frag & 349.1184_frag) | (217.065_frag & 319.1085_frag & 379.1324_frag) | (217.065_frag & 307.1104_frag & 319.1085_frag) | (217.065_frag & 319.1085_frag & 361.1182_frag) | (135.0806_frag & 217.065_frag & 319.1085_frag) | (163.0803_frag & 217.065_frag & 319.1085_frag) | (217.065_frag & 349.1184_frag & 379.1324_frag) | (217.065_frag & 307.1104_frag & 349.1184_frag) | (217.065_frag & 349.1184_frag & 361.1182_frag) | (217.065_frag & 291.115_frag & 349.1184_frag) | (135.0806_frag & 217.065_frag & 349.1184_frag) | (163.0803_frag & 217.065_frag & 349.1184_frag) | (217.065_frag & 307.1104_frag & 379.1324_frag) | (217.065_frag & 361.1182_frag & 379.1324_frag) | (217.065_frag & 291.115_frag & 379.1324_frag) | (135.0806_frag & 217.065_frag & 379.1324_frag) | (163.0803_frag & 217.065_frag & 379.1324_frag) | (217.065_frag & 307.1104_frag & 361.1182_frag) | (217.065_frag & 291.115_frag & 307.1104_frag) | (135.0806_frag & 217.065_frag & 307.1104_frag) | (163.0803_frag & 217.065_frag & 307.1104_frag) | (217.065_frag & 291.115_frag & 361.1182_frag) | (135.0806_frag & 217.065_frag & 361.1182_frag) | (163.0803_frag & 217.065_frag & 361.1182_frag) | (135.0806_frag & 217.065_frag & 291.115_frag) | (163.0803_frag & 217.065_frag & 291.115_frag) | (135.0806_frag & 163.0803_frag & 217.065_frag) | (135.0806_frag & 319.1085_frag & 349.1184_frag) | (163.0803_frag & 319.1085_frag & 349.1184_frag) | (135.0806_frag & 319.1085_frag & 379.1324_frag) | (163.0803_frag & 319.1085_frag & 379.1324_frag) | (135.0806_frag & 307.1104_frag & 319.1085_frag) | (163.0803_frag & 307.1104_frag & 319.1085_frag) | (135.0806_frag & 319.1085_frag & 361.1182_frag) | (163.0803_frag & 319.1085_frag & 361.1182_frag) | (135.0806_frag & 291.115_frag & 319.1085_frag) | (163.0803_frag & 291.115_frag & 319.1085_frag) | (135.0806_frag & 163.0803_frag & 319.1085_frag) | (135.0806_frag & 349.1184_frag & 379.1324_frag) | (163.0803_frag & 349.1184_frag & 379.1324_frag) | (135.0806_frag & 307.1104_frag & 349.1184_frag) | (163.0803_frag & 307.1104_frag & 349.1184_frag) | (135.0806_frag & 349.1184_frag & 361.1182_frag) | (163.0803_frag & 349.1184_frag & 361.1182_frag) | (135.0806_frag & 291.115_frag & 349.1184_frag) | (163.0803_frag & 291.115_frag & 349.1184_frag) | (135.0806_frag & 163.0803_frag & 349.1184_frag) | (135.0806_frag & 307.1104_frag & 379.1324_frag) | (163.0803_frag & 307.1104_frag & 379.1324_frag) | (135.0806_frag & 361.1182_frag & 379.1324_frag) | (163.0803_frag & 361.1182_frag & 379.1324_frag) | (135.0806_frag & 291.115_frag & 379.1324_frag) | (163.0803_frag & 291.115_frag & 379.1324_frag) | (135.0806_frag & 163.0803_frag & 379.1324_frag) | (135.0806_frag & 307.1104_frag & 361.1182_frag) | (163.0803_frag & 307.1104_frag & 361.1182_frag) | (135.0806_frag & 291.115_frag & 307.1104_frag) | (163.0803_frag & 291.115_frag & 307.1104_frag) | (135.0806_frag & 163.0803_frag & 307.1104_frag) | (135.0806_frag & 291.115_frag & 361.1182_frag) | (163.0803_frag & 291.115_frag & 361.1182_frag) | (135.0806_frag & 163.0803_frag & 361.1182_frag) | (135.0806_frag & 163.0803_frag & 291.115_frag) | (217.065_frag & 319.1085_frag & 349.1184_frag & 379.1324_frag) | (217.065_frag & 307.1104_frag & 319.1085_frag & 349.1184_frag) | (217.065_frag & 319.1085_frag & 349.1184_frag & 361.1182_frag) | (217.065_frag & 291.115_frag & 319.1085_frag & 349.1184_frag) | (135.0806_frag & 217.065_frag & 319.1085_frag & 349.1184_frag) | (163.0803_frag & 217.065_frag & 319.1085_frag & 349.1184_frag) | (217.065_frag & 307.1104_frag & 319.1085_frag & 379.1324_frag) | (217.065_frag & 319.1085_frag & 361.1182_frag & 379.1324_frag) | (217.065_frag & 291.115_frag & 319.1085_frag & 379.1324_frag) | (135.0806_frag & 217.065_frag & 319.1085_frag & 379.1324_frag) | (163.0803_frag & 217.065_frag & 319.1085_frag & 379.1324_frag) | (217.065_frag & 307.1104_frag & 319.1085_frag & 361.1182_frag) | (217.065_frag & 291.115_frag & 307.1104_frag & 319.1085_frag) | (135.0806_frag & 217.065_frag & 307.1104_frag & 319.1085_frag) | (163.0803_frag & 217.065_frag & 307.1104_frag & 319.1085_frag) | (217.065_frag & 291.115_frag & 319.1085_frag & 361.1182_frag) | (135.0806_frag & 217.065_frag & 319.1085_frag & 361.1182_frag) | (163.0803_frag & 217.065_frag & 319.1085_frag & 361.1182_frag) | (135.0806_frag & 217.065_frag & 291.115_frag & 319.1085_frag) | (163.0803_frag & 217.065_frag & 291.115_frag & 319.1085_frag) | (135.0806_frag & 163.0803_frag & 217.065_frag & 319.1085_frag) | (217.065_frag & 307.1104_frag & 349.1184_frag & 379.1324_frag) | (217.065_frag & 349.1184_frag & 361.1182_frag & 379.1324_frag) | (217.065_frag & 291.115_frag & 349.1184_frag & 379.1324_frag) | (135.0806_frag & 217.065_frag & 349.1184_frag & 379.1324_frag) | (163.0803_frag & 217.065_frag & 349.1184_frag & 379.1324_frag) | (217.065_frag & 307.1104_frag & 349.1184_frag & 361.1182_frag) | (217.065_frag & 291.115_frag & 307.1104_frag & 349.1184_frag) | (135.0806_frag & 217.065_frag & 307.1104_frag & 349.1184_frag) | (163.0803_frag & 217.065_frag & 307.1104_frag & 349.1184_frag) | (217.065_frag & 291.115_frag & 349.1184_frag & 361.1182_frag) | (135.0806_frag & 217.065_frag & 349.1184_frag & 361.1182_frag) | (163.0803_frag & 217.065_frag & 349.1184_frag & 361.1182_frag) | (135.0806_frag & 217.065_frag & 291.115_frag & 349.1184_frag) | (163.0803_frag & 217.065_frag & 291.115_frag & 349.1184_frag) | (135.0806_frag & 163.0803_frag & 217.065_frag & 349.1184_frag) | (217.065_frag & 307.1104_frag & 361.1182_frag & 379.1324_frag) | (217.065_frag & 291.115_frag & 307.1104_frag & 379.1324_frag) | (135.0806_frag & 217.065_frag & 307.1104_frag & 379.1324_frag) | (163.0803_frag & 217.065_frag & 307.1104_frag & 379.1324_frag) | (217.065_frag & 291.115_frag & 361.1182_frag & 379.1324_frag) | (135.0806_frag & 217.065_frag & 361.1182_frag & 379.1324_frag) | (163.0803_frag & 217.065_frag & 361.1182_frag & 379.1324_frag) | (135.0806_frag & 217.065_frag & 291.115_frag & 379.1324_frag) | (163.0803_frag & 217.065_frag & 291.115_frag & 379.1324_frag) | (135.0806_frag & 163.0803_frag & 217.065_frag & 379.1324_frag) | (217.065_frag & 291.115_frag & 307.1104_frag & 361.1182_frag) | (135.0806_frag & 217.065_frag & 307.1104_frag & 361.1182_frag) | (163.0803_frag & 217.065_frag & 307.1104_frag & 361.1182_frag) | (135.0806_frag & 217.065_frag & 291.115_frag & 307.1104_frag) | (163.0803_frag & 217.065_frag & 291.115_frag & 307.1104_frag) | (135.0806_frag & 163.0803_frag & 217.065_frag & 307.1104_frag) | (135.0806_frag & 217.065_frag & 291.115_frag & 361.1182_frag) | (163.0803_frag & 217.065_frag & 291.115_frag & 361.1182_frag) | (135.0806_frag & 163.0803_frag & 217.065_frag & 361.1182_frag) | (135.0806_frag & 163.0803_frag & 217.065_frag & 291.115_frag) | (135.0806_frag & 319.1085_frag & 349.1184_frag & 379.1324_frag) | (163.0803_frag & 319.1085_frag & 349.1184_frag & 379.1324_frag) | (135.0806_frag & 307.1104_frag & 319.1085_frag & 349.1184_frag) | (163.0803_frag & 307.1104_frag & 319.1085_frag & 349.1184_frag) | (135.0806_frag & 319.1085_frag & 349.1184_frag & 361.1182_frag) | (163.0803_frag & 319.1085_frag & 349.1184_frag & 361.1182_frag) | (135.0806_frag & 291.115_frag & 319.1085_frag & 349.1184_frag) | (163.0803_frag & 291.115_frag & 319.1085_frag & 349.1184_frag) | (135.0806_frag & 163.0803_frag & 319.1085_frag & 349.1184_frag) | (135.0806_frag & 307.1104_frag & 319.1085_frag & 379.1324_frag) | (163.0803_frag & 307.1104_frag & 319.1085_frag & 379.1324_frag) | (135.0806_frag & 319.1085_frag & 361.1182_frag & 379.1324_frag) | (163.0803_frag & 319.1085_frag & 361.1182_frag & 379.1324_frag) | (135.0806_frag & 291.115_frag & 319.1085_frag & 379.1324_frag) | (163.0803_frag & 291.115_frag & 319.1085_frag & 379.1324_frag) | (135.0806_frag & 163.0803_frag & 319.1085_frag & 379.1324_frag) | (135.0806_frag & 307.1104_frag & 319.1085_frag & 361.1182_frag) | (163.0803_frag & 307.1104_frag & 319.1085_frag & 361.1182_frag) | (135.0806_frag & 291.115_frag & 307.1104_frag & 319.1085_frag) | (163.0803_frag & 291.115_frag & 307.1104_frag & 319.1085_frag) | (135.0806_frag & 163.0803_frag & 307.1104_frag & 319.1085_frag) | (135.0806_frag & 291.115_frag & 319.1085_frag & 361.1182_frag) | (163.0803_frag & 291.115_frag & 319.1085_frag & 361.1182_frag) | (135.0806_frag & 163.0803_frag & 319.1085_frag & 361.1182_frag) | (135.0806_frag & 163.0803_frag & 291.115_frag & 319.1085_frag) | (135.0806_frag & 307.1104_frag & 349.1184_frag & 379.1324_frag) | (163.0803_frag & 307.1104_frag & 349.1184_frag & 379.1324_frag) | (135.0806_frag & 349.1184_frag & 361.1182_frag & 379.1324_frag) | (163.0803_frag & 349.1184_frag & 361.1182_frag & 379.1324_frag) | (135.0806_frag & 291.115_frag & 349.1184_frag & 379.1324_frag) | (163.0803_frag & 291.115_frag & 349.1184_frag & 379.1324_frag) | (135.0806_frag & 163.0803_frag & 349.1184_frag & 379.1324_frag) | (135.0806_frag & 307.1104_frag & 349.1184_frag & 361.1182_frag) | (163.0803_frag & 307.1104_frag & 349.1184_frag & 361.1182_frag) | (135.0806_frag & 291.115_frag & 307.1104_frag & 349.1184_frag) | (163.0803_frag & 291.115_frag & 307.1104_frag & 349.1184_frag) | (135.0806_frag & 163.0803_frag & 307.1104_frag & 349.1184_frag) | (135.0806_frag & 291.115_frag & 349.1184_frag & 361.1182_frag) | (163.0803_frag & 291.115_frag & 349.1184_frag & 361.1182_frag) | (135.0806_frag & 163.0803_frag & 349.1184_frag & 361.1182_frag) | (135.0806_frag & 163.0803_frag & 291.115_frag & 349.1184_frag) | (135.0806_frag & 307.1104_frag & 361.1182_frag & 379.1324_frag) | (163.0803_frag & 307.1104_frag & 361.1182_frag & 379.1324_frag) | (135.0806_frag & 291.115_frag & 307.1104_frag & 379.1324_frag) | (163.0803_frag & 291.115_frag & 307.1104_frag & 379.1324_frag) | (135.0806_frag & 163.0803_frag & 307.1104_frag & 379.1324_frag) | (135.0806_frag & 291.115_frag & 361.1182_frag & 379.1324_frag) | (163.0803_frag & 291.115_frag & 361.1182_frag & 379.1324_frag) | (135.0806_frag & 163.0803_frag & 361.1182_frag & 379.1324_frag) | (135.0806_frag & 163.0803_frag & 291.115_frag & 379.1324_frag) | (135.0806_frag & 291.115_frag & 307.1104_frag & 361.1182_frag) | (163.0803_frag & 291.115_frag & 307.1104_frag & 361.1182_frag) | (135.0806_frag & 163.0803_frag & 307.1104_frag & 361.1182_frag) | (135.0806_frag & 163.0803_frag & 291.115_frag & 307.1104_frag) | (135.0806_frag & 163.0803_frag & 291.115_frag & 361.1182_frag) | (217.065_frag & 307.1104_frag & 319.1085_frag & 349.1184_frag & 379.1324_frag) | (217.065_frag & 319.1085_frag & 349.1184_frag & 361.1182_frag & 379.1324_frag) | (217.065_frag & 291.115_frag & 319.1085_frag & 349.1184_frag & 379.1324_frag) | (135.0806_frag & 217.065_frag & 319.1085_frag & 349.1184_frag & 379.1324_frag) | (163.0803_frag & 217.065_frag & 319.1085_frag & 349.1184_frag & 379.1324_frag) | (217.065_frag & 307.1104_frag & 319.1085_frag & 349.1184_frag & 361.1182_frag) | (217.065_frag & 291.115_frag & 307.1104_frag & 319.1085_frag & 349.1184_frag) | (135.0806_frag & 217.065_frag & 307.1104_frag & 319.1085_frag & 349.1184_frag) | (163.0803_frag & 217.065_frag & 307.1104_frag & 319.1085_frag & 349.1184_frag) | (217.065_frag & 291.115_frag & 319.1085_frag & 349.1184_frag & 361.1182_frag) | (135.0806_frag & 217.065_frag & 319.1085_frag & 349.1184_frag & 361.1182_frag) | (163.0803_frag & 217.065_frag & 319.1085_frag & 349.1184_frag & 361.1182_frag) | (135.0806_frag & 217.065_frag & 291.115_frag & 319.1085_frag & 349.1184_frag) | (163.0803_frag & 217.065_frag & 291.115_frag & 319.1085_frag & 349.1184_frag) | (135.0806_frag & 163.0803_frag & 217.065_frag & 319.1085_frag & 349.1184_frag) | (217.065_frag & 307.1104_frag & 319.1085_frag & 361.1182_frag & 379.1324_frag) | (217.065_frag & 291.115_frag & 307.1104_frag & 319.1085_frag & 379.1324_frag) | (135.0806_frag & 217.065_frag & 307.1104_frag & 319.1085_frag & 379.1324_frag) | (163.0803_frag & 217.065_frag & 307.1104_frag & 319.1085_frag & 379.1324_frag) | (217.065_frag & 291.115_frag & 319.1085_frag & 361.1182_frag & 379.1324_frag) | (135.0806_frag & 217.065_frag & 319.1085_frag & 361.1182_frag & 379.1324_frag) | (163.0803_frag & 217.065_frag & 319.1085_frag & 361.1182_frag & 379.1324_frag) | (135.0806_frag & 217.065_frag & 291.115_frag & 319.1085_frag & 379.1324_frag) | (163.0803_frag & 217.065_frag & 291.115_frag & 319.1085_frag & 379.1324_frag) | (135.0806_frag & 163.0803_frag & 217.065_frag & 319.1085_frag & 379.1324_frag) | (217.065_frag & 291.115_frag & 307.1104_frag & 319.1085_frag & 361.1182_frag) | (135.0806_frag & 217.065_frag & 307.1104_frag & 319.1085_frag & 361.1182_frag) | (163.0803_frag & 217.065_frag & 307.1104_frag & 319.1085_frag & 361.1182_frag) | (135.0806_frag & 217.065_frag & 291.115_frag & 307.1104_frag & 319.1085_frag) | (163.0803_frag & 217.065_frag & 291.115_frag & 307.1104_frag & 319.1085_frag) | (135.0806_frag & 163.0803_frag & 217.065_frag & 307.1104_frag & 319.1085_frag) | (135.0806_frag & 217.065_frag & 291.115_frag & 319.1085_frag & 361.1182_frag) | (163.0803_frag & 217.065_frag & 291.115_frag & 319.1085_frag & 361.1182_frag) | (135.0806_frag & 163.0803_frag & 217.065_frag & 319.1085_frag & 361.1182_frag) | (135.0806_frag & 163.0803_frag & 217.065_frag & 291.115_frag & 319.1085_frag) | (217.065_frag & 307.1104_frag & 349.1184_frag & 361.1182_frag & 379.1324_frag) | (217.065_frag & 291.115_frag & 307.1104_frag & 349.1184_frag & 379.1324_frag) | (135.0806_frag & 217.065_frag & 307.1104_frag & 349.1184_frag & 379.1324_frag) | (163.0803_frag & 217.065_frag & 307.1104_frag & 349.1184_frag & 379.1324_frag) | (217.065_frag & 291.115_frag & 349.1184_frag & 361.1182_frag & 379.1324_frag) | (135.0806_frag & 217.065_frag & 349.1184_frag & 361.1182_frag & 379.1324_frag) | (163.0803_frag & 217.065_frag & 349.1184_frag & 361.1182_frag & 379.1324_frag) | (135.0806_frag & 217.065_frag & 291.115_frag & 349.1184_frag & 379.1324_frag) | (163.0803_frag & 217.065_frag & 291.115_frag & 349.1184_frag & 379.1324_frag) | (135.0806_frag & 163.0803_frag & 217.065_frag & 349.1184_frag & 379.1324_frag) | (217.065_frag & 291.115_frag & 307.1104_frag & 349.1184_frag & 361.1182_frag) | (135.0806_frag & 217.065_frag & 307.1104_frag & 349.1184_frag & 361.1182_frag) | (163.0803_frag & 217.065_frag & 307.1104_frag & 349.1184_frag & 361.1182_frag) | (135.0806_frag & 217.065_frag & 291.115_frag & 307.1104_frag & 349.1184_frag) | (163.0803_frag & 217.065_frag & 291.115_frag & 307.1104_frag & 349.1184_frag) | (135.0806_frag & 163.0803_frag & 217.065_frag & 307.1104_frag & 349.1184_frag) | (135.0806_frag & 217.065_frag & 291.115_frag & 349.1184_frag & 361.1182_frag) | (163.0803_frag & 217.065_frag & 291.115_frag & 349.1184_frag & 361.1182_frag) | (135.0806_frag & 163.0803_frag & 217.065_frag & 349.1184_frag & 361.1182_frag) | (135.0806_frag & 163.0803_frag & 217.065_frag & 291.115_frag & 349.1184_frag) | (217.065_frag & 291.115_frag & 307.1104_frag & 361.1182_frag & 379.1324_frag) | (135.0806_frag & 217.065_frag & 307.1104_frag & 361.1182_frag & 379.1324_frag) | (163.0803_frag & 217.065_frag & 307.1104_frag & 361.1182_frag & 379.1324_frag) | (135.0806_frag & 217.065_frag & 291.115_frag & 307.1104_frag & 379.1324_frag) | (163.0803_frag & 217.065_frag & 291.115_frag & 307.1104_frag & 379.1324_frag) | (135.0806_frag & 163.0803_frag & 217.065_frag & 307.1104_frag & 379.1324_frag) | (135.0806_frag & 217.065_frag & 291.115_frag & 361.1182_frag & 379.1324_frag) | (163.0803_frag & 217.065_frag & 291.115_frag & 361.1182_frag & 379.1324_frag) | (135.0806_frag & 163.0803_frag & 217.065_frag & 361.1182_frag & 379.1324_frag) | (135.0806_frag & 163.0803_frag & 217.065_frag & 291.115_frag & 379.1324_frag) | (135.0806_frag & 217.065_frag & 291.115_frag & 307.1104_frag & 361.1182_frag) | (163.0803_frag & 217.065_frag & 291.115_frag & 307.1104_frag & 361.1182_frag) | (135.0806_frag & 163.0803_frag & 217.065_frag & 307.1104_frag & 361.1182_frag) | (135.0806_frag & 163.0803_frag & 217.065_frag & 291.115_frag & 307.1104_frag) | (135.0806_frag & 163.0803_frag & 217.065_frag & 291.115_frag & 361.1182_frag) | (135.0806_frag & 307.1104_frag & 319.1085_frag & 349.1184_frag & 379.1324_frag) | (163.0803_frag & 307.1104_frag & 319.1085_frag & 349.1184_frag & 379.1324_frag) | (135.0806_frag & 319.1085_frag & 349.1184_frag & 361.1182_frag & 379.1324_frag) | (163.0803_frag & 319.1085_frag & 349.1184_frag & 361.1182_frag & 379.1324_frag) | (135.0806_frag & 291.115_frag & 319.1085_frag & 349.1184_frag & 379.1324_frag) | (163.0803_frag & 291.115_frag & 319.1085_frag & 349.1184_frag & 379.1324_frag) | (135.0806_frag & 163.0803_frag & 319.1085_frag & 349.1184_frag & 379.1324_frag) | (135.0806_frag & 307.1104_frag & 319.1085_frag & 349.1184_frag & 361.1182_frag) | (163.0803_frag & 307.1104_frag & 319.1085_frag & 349.1184_frag & 361.1182_frag) | (135.0806_frag & 291.115_frag & 307.1104_frag & 319.1085_frag & 349.1184_frag) | (163.0803_frag & 291.115_frag & 307.1104_frag & 319.1085_frag & 349.1184_frag) | (135.0806_frag & 163.0803_frag & 307.1104_frag & 319.1085_frag & 349.1184_frag) | (135.0806_frag & 291.115_frag & 319.1085_frag & 349.1184_frag & 361.1182_frag) | (163.0803_frag & 291.115_frag & 319.1085_frag & 349.1184_frag & 361.1182_frag) | (135.0806_frag & 163.0803_frag & 319.1085_frag & 349.1184_frag & 361.1182_frag) | (135.0806_frag & 163.0803_frag & 291.115_frag & 319.1085_frag & 349.1184_frag) | (135.0806_frag & 307.1104_frag & 319.1085_frag & 361.1182_frag & 379.1324_frag) | (163.0803_frag & 307.1104_frag & 319.1085_frag & 361.1182_frag & 379.1324_frag) | (135.0806_frag & 291.115_frag & 307.1104_frag & 319.1085_frag & 379.1324_frag) | (163.0803_frag & 291.115_frag & 307.1104_frag & 319.1085_frag & 379.1324_frag) | (135.0806_frag & 163.0803_frag & 307.1104_frag & 319.1085_frag & 379.1324_frag) | (135.0806_frag & 291.115_frag & 319.1085_frag & 361.1182_frag & 379.1324_frag) | (163.0803_frag & 291.115_frag & 319.1085_frag & 361.1182_frag & 379.1324_frag) | (135.0806_frag & 163.0803_frag & 319.1085_frag & 361.1182_frag & 379.1324_frag) | (135.0806_frag & 163.0803_frag & 291.115_frag & 319.1085_frag & 379.1324_frag) | (135.0806_frag & 291.115_frag & 307.1104_frag & 319.1085_frag & 361.1182_frag) | (163.0803_frag & 291.115_frag & 307.1104_frag & 319.1085_frag & 361.1182_frag) | (135.0806_frag & 163.0803_frag & 307.1104_frag & 319.1085_frag & 361.1182_frag) | (135.0806_frag & 163.0803_frag & 291.115_frag & 307.1104_frag & 319.1085_frag) | (135.0806_frag & 163.0803_frag & 291.115_frag & 319.1085_frag & 361.1182_frag) | (135.0806_frag & 307.1104_frag & 349.1184_frag & 361.1182_frag & 379.1324_frag) | (163.0803_frag & 307.1104_frag & 349.1184_frag & 361.1182_frag & 379.1324_frag) | (135.0806_frag & 291.115_frag & 307.1104_frag & 349.1184_frag & 379.1324_frag) | (163.0803_frag & 291.115_frag & 307.1104_frag & 349.1184_frag & 379.1324_frag) | (135.0806_frag & 163.0803_frag & 307.1104_frag & 349.1184_frag & 379.1324_frag) | (135.0806_frag & 291.115_frag & 349.1184_frag & 361.1182_frag & 379.1324_frag) | (163.0803_frag & 291.115_frag & 349.1184_frag & 361.1182_frag & 379.1324_frag) | (135.0806_frag & 163.0803_frag & 349.1184_frag & 361.1182_frag & 379.1324_frag) | (135.0806_frag & 163.0803_frag & 291.115_frag & 349.1184_frag & 379.1324_frag) | (135.0806_frag & 291.115_frag & 307.1104_frag & 349.1184_frag & 361.1182_frag) | (163.0803_frag & 291.115_frag & 307.1104_frag & 349.1184_frag & 361.1182_frag) | (135.0806_frag & 163.0803_frag & 307.1104_frag & 349.1184_frag & 361.1182_frag) | (135.0806_frag & 163.0803_frag & 291.115_frag & 307.1104_frag & 349.1184_frag) | (135.0806_frag & 163.0803_frag & 291.115_frag & 349.1184_frag & 361.1182_frag) | (135.0806_frag & 291.115_frag & 307.1104_frag & 361.1182_frag & 379.1324_frag) | (163.0803_frag & 291.115_frag & 307.1104_frag & 361.1182_frag & 379.1324_frag) | (135.0806_frag & 163.0803_frag & 307.1104_frag & 361.1182_frag & 379.1324_frag) | (135.0806_frag & 163.0803_frag & 291.115_frag & 307.1104_frag & 379.1324_frag) | (135.0806_frag & 163.0803_frag & 291.115_frag & 361.1182_frag & 379.1324_frag) | (135.0806_frag & 163.0803_frag & 291.115_frag & 307.1104_frag & 361.1182_frag) | (217.065_frag & 307.1104_frag & 319.1085_frag & 349.1184_frag & 361.1182_frag & 379.1324_frag) | (217.065_frag & 291.115_frag & 307.1104_frag & 319.1085_frag & 349.1184_frag & 379.1324_frag) | (135.0806_frag & 217.065_frag & 307.1104_frag & 319.1085_frag & 349.1184_frag & 379.1324_frag) | (163.0803_frag & 217.065_frag & 307.1104_frag & 319.1085_frag & 349.1184_frag & 379.1324_frag) | (217.065_frag & 291.115_frag & 319.1085_frag & 349.1184_frag & 361.1182_frag & 379.1324_frag) | (135.0806_frag & 217.065_frag & 319.1085_frag & 349.1184_frag & 361.1182_frag & 379.1324_frag) | (163.0803_frag & 217.065_frag & 319.1085_frag & 349.1184_frag & 361.1182_frag & 379.1324_frag) | (135.0806_frag & 217.065_frag & 291.115_frag & 319.1085_frag & 349.1184_frag & 379.1324_frag) | (163.0803_frag & 217.065_frag & 291.115_frag & 319.1085_frag & 349.1184_frag & 379.1324_frag) | (135.0806_frag & 163.0803_frag & 217.065_frag & 319.1085_frag & 349.1184_frag & 379.1324_frag) | (217.065_frag & 291.115_frag & 307.1104_frag & 319.1085_frag & 349.1184_frag & 361.1182_frag) | (135.0806_frag & 217.065_frag & 307.1104_frag & 319.1085_frag & 349.1184_frag & 361.1182_frag) | (163.0803_frag & 217.065_frag & 307.1104_frag & 319.1085_frag & 349.1184_frag & 361.1182_frag) | (135.0806_frag & 217.065_frag & 291.115_frag & 307.1104_frag & 319.1085_frag & 349.1184_frag) | (163.0803_frag & 217.065_frag & 291.115_frag & 307.1104_frag & 319.1085_frag & 349.1184_frag) | (135.0806_frag & 163.0803_frag & 217.065_frag & 307.1104_frag & 319.1085_frag & 349.1184_frag) | (135.0806_frag & 217.065_frag & 291.115_frag & 319.1085_frag & 349.1184_frag & 361.1182_frag) | (163.0803_frag & 217.065_frag & 291.115_frag & 319.1085_frag & 349.1184_frag & 361.1182_frag) | (135.0806_frag & 163.0803_frag & 217.065_frag & 319.1085_frag & 349.1184_frag & 361.1182_frag) | (135.0806_frag & 163.0803_frag & 217.065_frag & 291.115_frag & 319.1085_frag & 349.1184_frag) | (217.065_frag & 291.115_frag & 307.1104_frag & 319.1085_frag & 361.1182_frag & 379.1324_frag) | (135.0806_frag & 217.065_frag & 307.1104_frag & 319.1085_frag & 361.1182_frag & 379.1324_frag) | (163.0803_frag & 217.065_frag & 307.1104_frag & 319.1085_frag & 361.1182_frag & 379.1324_frag) | (135.0806_frag & 217.065_frag & 291.115_frag & 307.1104_frag & 319.1085_frag & 379.1324_frag) | (163.0803_frag & 217.065_frag & 291.115_frag & 307.1104_frag & 319.1085_frag & 379.1324_frag) | (135.0806_frag & 163.0803_frag & 217.065_frag & 307.1104_frag & 319.1085_frag & 379.1324_frag) | (135.0806_frag & 217.065_frag & 291.115_frag & 319.1085_frag & 361.1182_frag & 379.1324_frag) | (163.0803_frag & 217.065_frag & 291.115_frag & 319.1085_frag & 361.1182_frag & 379.1324_frag) | (135.0806_frag & 163.0803_frag & 217.065_frag & 319.1085_frag & 361.1182_frag & 379.1324_frag) | (135.0806_frag & 163.0803_frag & 217.065_frag & 291.115_frag & 319.1085_frag & 379.1324_frag) | (135.0806_frag & 217.065_frag & 291.115_frag & 307.1104_frag & 319.1085_frag & 361.1182_frag) | (163.0803_frag & 217.065_frag & 291.115_frag & 307.1104_frag & 319.1085_frag & 361.1182_frag) | (135.0806_frag & 163.0803_frag & 217.065_frag & 307.1104_frag & 319.1085_frag & 361.1182_frag) | (135.0806_frag & 163.0803_frag & 217.065_frag & 291.115_frag & 307.1104_frag & 319.1085_frag) | (135.0806_frag & 163.0803_frag & 217.065_frag & 291.115_frag & 319.1085_frag & 361.1182_frag) | (217.065_frag & 291.115_frag & 307.1104_frag & 349.1184_frag & 361.1182_frag & 379.1324_frag) | (135.0806_frag & 217.065_frag & 307.1104_frag & 349.1184_frag & 361.1182_frag & 379.1324_frag) | (163.0803_frag & 217.065_frag & 307.1104_frag & 349.1184_frag & 361.1182_frag & 379.1324_frag) | (135.0806_frag & 217.065_frag & 291.115_frag & 307.1104_frag & 349.1184_frag & 379.1324_frag) | (163.0803_frag & 217.065_frag & 291.115_frag & 307.1104_frag & 349.1184_frag & 379.1324_frag) | (135.0806_frag & 163.0803_frag & 217.065_frag & 307.1104_frag & 349.1184_frag & 379.1324_frag) | (135.0806_frag & 217.065_frag & 291.115_frag & 349.1184_frag & 361.1182_frag & 379.1324_frag) | (163.0803_frag & 217.065_frag & 291.115_frag & 349.1184_frag & 361.1182_frag & 379.1324_frag) | (135.0806_frag & 163.0803_frag & 217.065_frag & 349.1184_frag & 361.1182_frag & 379.1324_frag) | (135.0806_frag & 163.0803_frag & 217.065_frag & 291.115_frag & 349.1184_frag & 379.1324_frag) | (135.0806_frag & 217.065_frag & 291.115_frag & 307.1104_frag & 349.1184_frag & 361.1182_frag) | (163.0803_frag & 217.065_frag & 291.115_frag & 307.1104_frag & 349.1184_frag & 361.1182_frag) | (135.0806_frag & 163.0803_frag & 217.065_frag & 307.1104_frag & 349.1184_frag & 361.1182_frag) | (135.0806_frag & 163.0803_frag & 217.065_frag & 291.115_frag & 307.1104_frag & 349.1184_frag) | (135.0806_frag & 163.0803_frag & 217.065_frag & 291.115_frag & 349.1184_frag & 361.1182_frag) | (135.0806_frag & 217.065_frag & 291.115_frag & 307.1104_frag & 361.1182_frag & 379.1324_frag) | (163.0803_frag & 217.065_frag & 291.115_frag & 307.1104_frag & 361.1182_frag & 379.1324_frag) | (135.0806_frag & 163.0803_frag & 217.065_frag & 307.1104_frag & 361.1182_frag & 379.1324_frag) | (135.0806_frag & 163.0803_frag & 217.065_frag & 291.115_frag & 307.1104_frag & 379.1324_frag) | (135.0806_frag & 163.0803_frag & 217.065_frag & 291.115_frag & 361.1182_frag & 379.1324_frag) | (135.0806_frag & 163.0803_frag & 217.065_frag & 291.115_frag & 307.1104_frag & 361.1182_frag) | (135.0806_frag & 307.1104_frag & 319.1085_frag & 349.1184_frag & 361.1182_frag & 379.1324_frag) | (163.0803_frag & 307.1104_frag & 319.1085_frag & 349.1184_frag & 361.1182_frag & 379.1324_frag) | (135.0806_frag & 291.115_frag & 307.1104_frag & 319.1085_frag & 349.1184_frag & 379.1324_frag) | (163.0803_frag & 291.115_frag & 307.1104_frag & 319.1085_frag & 349.1184_frag & 379.1324_frag) | (135.0806_frag & 163.0803_frag & 307.1104_frag & 319.1085_frag & 349.1184_frag & 379.1324_frag) | (135.0806_frag & 291.115_frag & 319.1085_frag & 349.1184_frag & 361.1182_frag & 379.1324_frag) | (163.0803_frag & 291.115_frag & 319.1085_frag & 349.1184_frag & 361.1182_frag & 379.1324_frag) | (135.0806_frag & 163.0803_frag & 319.1085_frag & 349.1184_frag & 361.1182_frag & 379.1324_frag) | (135.0806_frag & 163.0803_frag & 291.115_frag & 319.1085_frag & 349.1184_frag & 379.1324_frag) | (135.0806_frag & 291.115_frag & 307.1104_frag & 319.1085_frag & 349.1184_frag & 361.1182_frag) | (163.0803_frag & 291.115_frag & 307.1104_frag & 319.1085_frag & 349.1184_frag & 361.1182_frag) | (135.0806_frag & 163.0803_frag & 307.1104_frag & 319.1085_frag & 349.1184_frag & 361.1182_frag) | (135.0806_frag & 163.0803_frag & 291.115_frag & 307.1104_frag & 319.1085_frag & 349.1184_frag) | (135.0806_frag & 163.0803_frag & 291.115_frag & 319.1085_frag & 349.1184_frag & 361.1182_frag) | (135.0806_frag & 291.115_frag & 307.1104_frag & 319.1085_frag & 361.1182_frag & 379.1324_frag) | (163.0803_frag & 291.115_frag & 307.1104_frag & 319.1085_frag & 361.1182_frag & 379.1324_frag) | (135.0806_frag & 163.0803_frag & 307.1104_frag & 319.1085_frag & 361.1182_frag & 379.1324_frag) | (135.0806_frag & 163.0803_frag & 291.115_frag & 307.1104_frag & 319.1085_frag & 379.1324_frag) | (135.0806_frag & 163.0803_frag & 291.115_frag & 319.1085_frag & 361.1182_frag & 379.1324_frag) | (135.0806_frag & 163.0803_frag & 291.115_frag & 307.1104_frag & 319.1085_frag & 361.1182_frag) | (135.0806_frag & 291.115_frag & 307.1104_frag & 349.1184_frag & 361.1182_frag & 379.1324_frag) | (163.0803_frag & 291.115_frag & 307.1104_frag & 349.1184_frag & 361.1182_frag & 379.1324_frag) | (135.0806_frag & 163.0803_frag & 307.1104_frag & 349.1184_frag & 361.1182_frag & 379.1324_frag) | (135.0806_frag & 163.0803_frag & 291.115_frag & 307.1104_frag & 349.1184_frag & 379.1324_frag) | (135.0806_frag & 163.0803_frag & 291.115_frag & 349.1184_frag & 361.1182_frag & 379.1324_frag) | (135.0806_frag & 163.0803_frag & 291.115_frag & 307.1104_frag & 349.1184_frag & 361.1182_frag) | (135.0806_frag & 163.0803_frag & 291.115_frag & 307.1104_frag & 361.1182_frag & 379.1324_frag) | (217.065_frag & 291.115_frag & 307.1104_frag & 319.1085_frag & 349.1184_frag & 361.1182_frag & 379.1324_frag) | (135.0806_frag & 217.065_frag & 307.1104_frag & 319.1085_frag & 349.1184_frag & 361.1182_frag & 379.1324_frag) | (163.0803_frag & 217.065_frag & 307.1104_frag & 319.1085_frag & 349.1184_frag & 361.1182_frag & 379.1324_frag) | (135.0806_frag & 217.065_frag & 291.115_frag & 307.1104_frag & 319.1085_frag & 349.1184_frag & 379.1324_frag) | (163.0803_frag & 217.065_frag & 291.115_frag & 307.1104_frag & 319.1085_frag & 349.1184_frag & 379.1324_frag) | (135.0806_frag & 163.0803_frag & 217.065_frag & 307.1104_frag & 319.1085_frag & 349.1184_frag & 379.1324_frag) | (135.0806_frag & 217.065_frag & 291.115_frag & 319.1085_frag & 349.1184_frag & 361.1182_frag & 379.1324_frag) | (163.0803_frag & 217.065_frag & 291.115_frag & 319.1085_frag & 349.1184_frag & 361.1182_frag & 379.1324_frag) | (135.0806_frag & 163.0803_frag & 217.065_frag & 319.1085_frag & 349.1184_frag & 361.1182_frag & 379.1324_frag) | (135.0806_frag & 163.0803_frag & 217.065_frag & 291.115_frag & 319.1085_frag & 349.1184_frag & 379.1324_frag) | (135.0806_frag & 217.065_frag & 291.115_frag & 307.1104_frag & 319.1085_frag & 349.1184_frag & 361.1182_frag) | (163.0803_frag & 217.065_frag & 291.115_frag & 307.1104_frag & 319.1085_frag & 349.1184_frag & 361.1182_frag) | (135.0806_frag & 163.0803_frag & 217.065_frag & 307.1104_frag & 319.1085_frag & 349.1184_frag & 361.1182_frag) | (135.0806_frag & 163.0803_frag & 217.065_frag & 291.115_frag & 307.1104_frag & 319.1085_frag & 349.1184_frag) | (135.0806_frag & 163.0803_frag & 217.065_frag & 291.115_frag & 319.1085_frag & 349.1184_frag & 361.1182_frag) | (135.0806_frag & 217.065_frag & 291.115_frag & 307.1104_frag & 319.1085_frag & 361.1182_frag & 379.1324_frag) | (163.0803_frag & 217.065_frag & 291.115_frag & 307.1104_frag & 319.1085_frag & 361.1182_frag & 379.1324_frag) | (135.0806_frag & 163.0803_frag & 217.065_frag & 307.1104_frag & 319.1085_frag & 361.1182_frag & 379.1324_frag) | (135.0806_frag & 163.0803_frag & 217.065_frag & 291.115_frag & 307.1104_frag & 319.1085_frag & 379.1324_frag) | (135.0806_frag & 163.0803_frag & 217.065_frag & 291.115_frag & 319.1085_frag & 361.1182_frag & 379.1324_frag) | (135.0806_frag & 163.0803_frag & 217.065_frag & 291.115_frag & 307.1104_frag & 319.1085_frag & 361.1182_frag) | (135.0806_frag & 217.065_frag & 291.115_frag & 307.1104_frag & 349.1184_frag & 361.1182_frag & 379.1324_frag) | (163.0803_frag & 217.065_frag & 291.115_frag & 307.1104_frag & 349.1184_frag & 361.1182_frag & 379.1324_frag) | (135.0806_frag & 163.0803_frag & 217.065_frag & 307.1104_frag & 349.1184_frag & 361.1182_frag & 379.1324_frag) | (135.0806_frag & 163.0803_frag & 217.065_frag & 291.115_frag & 307.1104_frag & 349.1184_frag & 379.1324_frag) | (135.0806_frag & 163.0803_frag & 217.065_frag & 291.115_frag & 349.1184_frag & 361.1182_frag & 379.1324_frag) | (135.0806_frag & 163.0803_frag & 217.065_frag & 291.115_frag & 307.1104_frag & 349.1184_frag & 361.1182_frag) | (135.0806_frag & 163.0803_frag & 217.065_frag & 291.115_frag & 307.1104_frag & 361.1182_frag & 379.1324_frag) | (135.0806_frag & 291.115_frag & 307.1104_frag & 319.1085_frag & 349.1184_frag & 361.1182_frag & 379.1324_frag) | (163.0803_frag & 291.115_frag & 307.1104_frag & 319.1085_frag & 349.1184_frag & 361.1182_frag & 379.1324_frag) | (135.0806_frag & 163.0803_frag & 307.1104_frag & 319.1085_frag & 349.1184_frag & 361.1182_frag & 379.1324_frag) | (135.0806_frag & 163.0803_frag & 291.115_frag & 307.1104_frag & 319.1085_frag & 349.1184_frag & 379.1324_frag) | (135.0806_frag & 163.0803_frag & 291.115_frag & 319.1085_frag & 349.1184_frag & 361.1182_frag & 379.1324_frag) | (135.0806_frag & 163.0803_frag & 291.115_frag & 307.1104_frag & 319.1085_frag & 349.1184_frag & 361.1182_frag) | (135.0806_frag & 163.0803_frag & 291.115_frag & 307.1104_frag & 319.1085_frag & 361.1182_frag & 379.1324_frag) | (135.0806_frag & 163.0803_frag & 291.115_frag & 307.1104_frag & 349.1184_frag & 361.1182_frag & 379.1324_frag) | (135.0806_frag & 217.065_frag & 291.115_frag & 307.1104_frag & 319.1085_frag & 349.1184_frag & 361.1182_frag & 379.1324_frag) | (163.0803_frag & 217.065_frag & 291.115_frag & 307.1104_frag & 319.1085_frag & 349.1184_frag & 361.1182_frag & 379.1324_frag) | (135.0806_frag & 163.0803_frag & 217.065_frag & 307.1104_frag & 319.1085_frag & 349.1184_frag & 361.1182_frag & 379.1324_frag) | (135.0806_frag & 163.0803_frag & 217.065_frag & 291.115_frag & 307.1104_frag & 319.1085_frag & 349.1184_frag & 379.1324_frag) | (135.0806_frag & 163.0803_frag & 217.065_frag & 291.115_frag & 319.1085_frag & 349.1184_frag & 361.1182_frag & 379.1324_frag) | (135.0806_frag & 163.0803_frag & 217.065_frag & 291.115_frag & 307.1104_frag & 319.1085_frag & 349.1184_frag & 361.1182_frag) | (135.0806_frag & 163.0803_frag & 217.065_frag & 291.115_frag & 307.1104_frag & 319.1085_frag & 361.1182_frag & 379.1324_frag) | (135.0806_frag & 163.0803_frag & 217.065_frag & 291.115_frag & 307.1104_frag & 349.1184_frag & 361.1182_frag & 379.1324_frag) | (135.0806_frag & 163.0803_frag & 291.115_frag & 307.1104_frag & 319.1085_frag & 349.1184_frag & 361.1182_frag & 379.1324_frag) | (135.0806_frag & 163.0803_frag & 217.065_frag & 291.115_frag & 307.1104_frag & 319.1085_frag & 349.1184_frag & 361.1182_frag & 379.1324_frag)
Sarpagine	0.5819	106.0651_frag & 108.0804_frag & 132.0735_frag & 134.0596_frag & 143.0731_frag & 164.0647_frag
Aspidofractane	0.5681	317.1283_frag & 150.055_nl
Aspidosperma	0.5681	168.1939_frag
Ervatamia	0.5619	110.0609_frag & 124.112_frag & 128.0559_frag & 129.0667_frag & 130.0665_frag & 154.0655_frag & 156.0799_frag & 167.0723_frag & 180.0853_frag
Iboga	0.5156	(150.1245_frag & 113.115_nl) | (150.1245_frag & 282.1789_frag) | (150.1245_frag & 100.1192_nl) | (150.1245_frag & 88.115_nl) | (268.1687_frag & 282.1789_frag) | (282.1789_frag & 208.155_nl) | (150.1245_frag & 100.1192_nl & 113.115_nl) | (150.1245_frag & 113.115_nl & 149.125_nl) | (150.1245_frag & 88.115_nl & 113.115_nl) | (150.1245_frag & 268.1687_frag & 282.1789_frag) | (150.1245_frag & 282.1789_frag & 208.155_nl) | (150.1245_frag & 100.1192_nl & 149.125_nl) | (150.1245_frag & 88.115_nl & 100.1192_nl) | (150.1245_frag & 88.115_nl & 149.125_nl) | (268.1687_frag & 282.1789_frag & 208.155_nl) | (88.115_nl & 100.1192_nl & 149.125_nl) | (150.1245_frag & 100.1192_nl & 113.115_nl & 149.125_nl) | (150.1245_frag & 88.115_nl & 100.1192_nl & 113.115_nl) | (150.1245_frag & 88.115_nl & 113.115_nl & 149.125_nl) | (150.1245_frag & 268.1687_frag & 282.1789_frag & 208.155_nl) | (150.1245_frag & 88.115_nl & 100.1192_nl & 149.125_nl) | (88.115_nl & 100.1192_nl & 113.115_nl & 149.125_nl) | (150.1245_frag & 88.115_nl & 100.1192_nl & 113.115_nl & 149.125_nl)
Akuammicine	0.5144	167.0723_frag & 180.0853_frag & 181.0838_frag & (209.1084_frag & 221.1035_frag & 17.0067_nl) | (208.0987_frag & 236.145_frag & 18.0109_nl) | (209.1084_frag & 236.145_frag & 18.0109_nl) | (209.1084_frag & 221.1035_frag & 17.0067_nl & 18.0109_nl) | (208.0987_frag & 209.1084_frag & 221.1035_frag & 17.0067_nl) | (207.0958_frag & 209.1084_frag & 221.1035_frag & 17.0067_nl) | (208.0987_frag & 209.1084_frag & 236.145_frag & 18.0109_nl) | (207.0958_frag & 208.0987_frag & 236.145_frag & 18.0109_nl) | (207.0958_frag & 209.1084_frag & 236.145_frag & 18.0109_nl) | (208.0987_frag & 209.1084_frag & 221.1035_frag & 17.0067_nl & 18.0109_nl) | (207.0958_frag & 209.1084_frag & 221.1035_frag & 17.0067_nl & 18.0109_nl) | (207.0958_frag & 208.0987_frag & 209.1084_frag & 221.1035_frag & 17.0067_nl) | (207.0958_frag & 208.0987_frag & 209.1084_frag & 236.145_frag & 18.0109_nl) | (207.0958_frag & 208.0987_frag & 209.1084_frag & 221.1035_frag & 17.0067_nl & 18.0109_nl)
Ajmalicine	0.5074	216.105_frag & 230.115_frag & 242.1236_frag
Macroline	0.4905	144.0774_frag & 156.0799_frag & 168.0819_frag & 169.0796_frag & 194.0907_frag & 207.0958_frag & 130.0932_nl & 141.075_nl & 206.125_nl
Strychnidine	0.4643	294.115_frag & 144.1004_nl & 160.1052_nl
Yohimbinoid	0.438	134.0955_frag & 212.1345_frag
Ajmaline	0.4203	(137.0238_frag & 394.1799_nl) | (152.045_frag & 394.1799_nl) | (152.045_frag & 353.1759_nl) | (137.0238_frag & 152.045_frag & 394.1799_nl) | (106.105_nl & 123.1236_nl & 218.145_nl) | (106.105_nl & 170.125_nl & 218.145_nl) | (106.105_nl & 218.145_nl & 353.1759_nl) | (106.105_nl & 123.1236_nl & 218.145_nl & 394.1799_nl) | (106.105_nl & 170.125_nl & 218.145_nl & 394.1799_nl) | (106.105_nl & 218.145_nl & 353.1759_nl & 394.1799_nl) | (106.105_nl & 123.1236_nl & 170.125_nl & 218.145_nl) | (106.105_nl & 123.1236_nl & 218.145_nl & 353.1759_nl) | (106.105_nl & 170.125_nl & 218.145_nl & 353.1759_nl) | (106.105_nl & 123.1236_nl & 170.125_nl & 218.145_nl & 394.1799_nl) | (106.105_nl & 123.1236_nl & 218.145_nl & 353.1759_nl & 394.1799_nl) | (106.105_nl & 170.125_nl & 218.145_nl & 353.1759_nl & 394.1799_nl) | (106.105_nl & 123.1236_nl & 170.125_nl & 218.145_nl & 353.1759_nl) | (106.105_nl & 123.1236_nl & 170.125_nl & 218.145_nl & 353.1759_nl & 394.1799_nl)
Corynanthean	0.2578	154.1217_frag & 130.1216_nl | 154.125_nl | 180.135_nl | (130.1216_nl & 154.125_nl) | (130.1216_nl & 180.135_nl) | (154.125_nl & 180.135_nl) | (130.1216_nl & 154.125_nl & 180.135_nl)
